Country/Region,Lat,Long,Date,Confirmed,Deaths,Recovered,Fdate,Continent,Continent_name_x,location,date,total_cases,new_cases,total_deaths,new_deaths,total_cases_per_million,new_cases_per_million,total_deaths_per_million,new_deaths_per_million,population,population_density,median_age,aged_65_older,aged_70_older,gdp_per_capita,cvd_death_rate,diabetes_prevalence,female_smokers,male_smokers,hospital_beds_per_100k,Continent_code,Continent_name_y
United States,37.0902,-95.7129,5/15/20,1442824,87530,250747,2020-05-15,,North America,United States,2020-05-15,1417.889,27143,85.906,1773,4283.6179999999995,82.00200000000002,259.533,5.356,331002647.0,35.60800000000001,38.3,15.413,9.732000000000001,54225.445999999996,151.089,10.79,19.1,24.6,2.77,,North America
Russia,60.0,90.0,5/15/20,262843,2418,58226,2020-05-15,EU,Europe,Russia,2020-05-15,252.245,9974,2.305,93,1728.481,68.346,15.795,0.637,145934460.0,8.823,39.6,14.177999999999999,9.392999999999999,24765.953999999998,431.29699999999997,6.18,23.4,58.3,8.05,EU,Europe
United Kingdom,55.3781,-3.4360000000000004,5/15/20,236711,33998,0,2020-05-15,EU,Europe,United Kingdom,2020-05-15,233.151,3446,33.614000000000004,428,3434.449,50.762,495.154,6.305,67886004.0,272.89799999999997,40.8,18.517,12.527000000000001,39753.244,122.137,4.28,20.0,24.7,2.54,EU,Europe
Italy,43.0,12.0,5/15/20,223885,31610,120205,2020-05-15,EU,Europe,Italy,2020-05-15,223.096,992,31.368,262,3689.865,16.407,518.807,4.333,60461828.0,205.859,47.9,23.021,16.24,35220.084,113.15100000000001,4.78,19.8,27.8,3.18,EU,Europe
Brazil,-14.235,-51.9253,5/15/20,220291,14962,84970,2020-05-15,SA,South America,Brazil,2020-05-15,202.918,13944,13.993,844,954.6410000000001,65.6,65.831,3.971,212559409.0,25.04,33.5,8.552,5.06,14103.452,177.96099999999996,8.11,10.1,17.9,2.2,SA,South America
France,46.2276,2.2137,5/15/20,177319,27485,59143,2020-05-15,EU,Europe,France,2020-05-15,141.356,622,27.425,351,2165.595,9.529,420.155,5.3770000000000024,65273512.0,122.57799999999999,42.0,19.718,13.079,38605.671,86.06,4.77,30.1,35.6,5.98,EU,Europe
Germany,51.0,9.0,5/15/20,175233,7897,151597,2020-05-15,EU,Europe,Germany,2020-05-15,173.15200000000004,913,7.824,101,2066.649,10.897,93.383,1.205,83783945.0,237.016,46.6,21.453000000000007,15.957,45229.245,156.139,8.31,28.2,33.1,8.0,EU,Europe
Turkey,38.9637,35.2433,5/15/20,146457,4055,106133,2020-05-15,AS,Asia,Turkey,2020-05-15,144.749,1635,4.007,55,1716.275,19.386,47.511,0.652,84339067.0,104.914,31.6,8.152999999999999,5.061,25129.341,171.285,12.13,14.1,41.1,2.81,AS,Asia
Iran,32.0,53.0,5/15/20,116635,6902,91836,2020-05-15,AS,Asia,Iran,2020-05-15,114.533,1808,6.854,71,1363.602,21.526,81.602,0.845,83992953.0,49.831,32.4,5.44,3.182,19082.62,270.308,9.59,0.8,21.1,1.5,AS,Asia
India,21.0,78.0,5/15/20,85784,2753,30258,2020-05-15,AS,Asia,India,2020-05-15,81.97,3967,2.649,100,59.398,2.875,1.92,0.07200000000000001,1380004385.0,450.41900000000004,28.2,5.989,3.4139999999999997,6426.674,282.28,10.39,1.9,20.6,0.53,AS,Asia
Peru,-9.19,-75.0152,5/15/20,84495,2392,27147,2020-05-15,SA,South America,Peru,2020-05-15,80.604,4298,2.267,98,2444.631,130.35399999999998,68.756,2.972,32971846.0,25.129,29.1,7.151,4.455,12236.706,85.755,5.95,4.8,24.7,1.6,SA,South America
China,30.9756,112.2707,5/15/20,68134,4512,63616,2020-05-15,AS,Asia,China,2020-05-15,84.029,5,4.637,0,58.381,0.003,3.222,0.0,1439323774.0,147.674,38.7,10.640999999999998,5.928999999999999,15308.712,261.899,9.74,1.9,48.4,4.34,AS,Asia
Belgium,50.8333,4.0,5/15/20,54644,8959,14301,2020-05-15,EU,Europe,Belgium,2020-05-15,54.288,307,8.902999999999997,60,4684.193,26.489,768.188,5.1770000000000005,11589616.0,375.564,41.8,18.570999999999998,12.849,42658.575999999994,114.898,4.29,25.1,31.4,5.64,EU,Europe
Saudi Arabia,24.0,45.0,5/15/20,49176,292,21869,2020-05-15,AS,Asia,Saudi Arabia,2020-05-15,46.869,2039,0.28300000000000003,10,1346.274,58.568999999999996,8.129,0.287,34813867.0,15.322000000000001,31.9,3.295,1.845,49045.41099999999,259.538,17.72,1.8,25.4,2.7,AS,Asia
Mexico,23.6345,-102.5528,5/15/20,45032,4767,30451,2020-05-15,,North America,Mexico,2020-05-15,42.595,2409,4.477,257,330.366,18.684,34.724000000000004,1.993,128932753.0,66.444,29.3,6.857,4.3210000000000015,17336.468999999994,152.783,13.06,6.9,21.4,1.38,,North America
Netherlands,52.1326,5.2913,5/15/20,43681,5643,0,2020-05-15,EU,Europe,Netherlands,2020-05-15,43.481,270,5.59,28,2537.574,15.757,326.235,1.6340000000000001,17134873.0,508.54400000000004,43.2,18.779,11.880999999999998,48472.545,109.361,5.29,24.4,27.3,3.32,EU,Europe
Canada,52.9399,-73.5491,5/15/20,41429,3402,0,2020-05-15,,North America,Canada,2020-05-15,73.40100000000002,1123,5.472,168,1944.8010000000002,29.755,144.984,4.4510000000000005,37742157.0,4.037,41.4,16.984,10.797,44017.59099999999,105.59899999999999,7.37,12.0,16.6,2.5,,North America
Chile,-35.6751,-71.543,5/15/20,39542,394,16614,2020-05-15,SA,South America,Chile,2020-05-15,37.04,2659,0.358,12,1937.6229999999998,139.097,18.727999999999998,0.628,19116209.0,24.281999999999996,35.4,11.087,6.938,22767.037,127.993,8.46,34.2,41.5,2.11,SA,South America
Pakistan,30.3753,69.3451,5/15/20,38799,834,10880,2020-05-15,AS,Asia,Pakistan,2020-05-15,37.218,1430,0.8029999999999999,33,168.489,6.474,3.635,0.149,220892331.0,255.57299999999998,23.5,4.495,2.78,5034.708,423.031,8.35,2.8,36.7,0.6,AS,Asia
Ecuador,-1.8312,-78.1834,5/15/20,31467,2594,3433,2020-05-15,SA,South America,Ecuador,2020-05-15,30.502,16,2.338,4,1728.838,0.907,132.517,0.22699999999999998,17643060.0,66.939,28.1,7.104,4.458,10581.936000000003,140.44799999999998,5.55,2.0,12.3,1.5,SA,South America
Switzerland,46.8182,8.2275,5/15/20,30514,1878,27100,2020-05-15,EU,Europe,Switzerland,2020-05-15,30.38,50,1.588,25,3510.265,5.777,183.486,2.889,8654618.0,214.243,43.1,18.436,12.644,57410.166,99.73899999999999,5.59,22.6,28.9,4.53,EU,Europe
Qatar,25.3548,51.1839,5/15/20,29425,14,3546,2020-05-15,AS,Asia,Qatar,2020-05-15,28.272,1733,0.014,0,9813.055,601.515,4.859,0.0,2881060.0,227.322,31.9,1.307,0.617,116935.6,176.69,16.52,0.8,26.9,1.2,AS,Asia
Sweden,63.0,16.0,5/15/20,29207,3646,4971,2020-05-15,EU,Europe,Sweden,2020-05-15,28.582,673,3.529,69,2830.1059999999998,66.638,349.431,6.8320000000000025,10099270.0,24.718000000000004,41.0,19.985,13.433,46949.282999999996,133.982,4.79,18.8,18.9,2.22,EU,Europe
Portugal,39.3999,-8.2245,5/15/20,28583,1190,3328,2020-05-15,EU,Europe,Portugal,2020-05-15,28.319000000000006,187,1.1840000000000002,9,2777.2690000000002,18.339000000000002,116.116,0.883,10196707.0,112.37100000000001,46.2,21.502,14.924000000000001,27936.896,127.84200000000001,9.85,16.3,30.0,3.39,EU,Europe
United States,53.7098,27.9534,5/15/20,27730,156,8807,2020-05-15,,North America,United States,2020-05-15,1417.889,27143,85.906,1773,4283.6179999999995,82.00200000000002,259.533,5.356,331002647.0,35.60800000000001,38.3,15.413,9.732000000000001,54225.445999999996,151.089,10.79,19.1,24.6,2.77,,North America
Singapore,1.2833,103.8333,5/15/20,26891,21,7248,2020-05-15,AS,Asia,Singapore,2020-05-15,26.098000000000006,752,0.021,0,4460.935,128.539,3.59,0.0,5850343.0,7915.731,42.4,12.922,7.0489999999999995,85535.383,92.243,10.99,5.2,28.3,2.4,AS,Asia
Ireland,53.1424,-7.6921,5/15/20,23956,1518,19470,2020-05-15,EU,Europe,Ireland,2020-05-15,23.827,426,1.506,9,4825.432,86.273,304.994,1.8230000000000002,4937796.0,69.874,38.7,13.927999999999999,8.677999999999999,67335.293,126.459,3.28,23.0,25.7,2.96,EU,Europe
Canada,51.2538,-85.3232,5/15/20,23258,1939,0,2020-05-15,,North America,Canada,2020-05-15,73.40100000000002,1123,5.472,168,1944.8010000000002,29.755,144.984,4.4510000000000005,37742157.0,4.037,41.4,16.984,10.797,44017.59099999999,105.59899999999999,7.37,12.0,16.6,2.5,,North America
United Arab Emirates,24.0,54.0,5/15/20,21831,210,7328,2020-05-15,AS,Asia,United Arab Emirates,2020-05-15,21.084,698,0.208,2,2131.764,70.57300000000002,21.03,0.20199999999999999,9890400.0,112.44200000000001,34.0,1.1440000000000001,0.526,67293.483,317.84,17.26,1.2,37.4,1.2,AS,Asia
Bangladesh,23.685,90.3563,5/15/20,20065,298,3882,2020-05-15,AS,Asia,Bangladesh,2020-05-15,18.863,1041,0.28300000000000003,14,114.537,6.3210000000000015,1.7180000000000002,0.085,164689383.0,1265.036,27.5,5.098,3.262,3523.9840000000013,298.003,8.38,1.0,44.7,0.8,AS,Asia
Poland,51.9194,19.1451,5/15/20,18016,907,6918,2020-05-15,EU,Europe,Poland,2020-05-15,17.615,411,0.883,22,465.431,10.86,23.331,0.581,37846605.0,124.027,41.8,16.762999999999998,10.202,27216.445,227.331,5.91,23.3,33.1,6.62,EU,Europe
Ukraine,48.3794,31.1656,5/15/20,17330,476,4473,2020-05-15,EU,Europe,Ukraine,2020-05-15,16.847,422,0.456,17,385.217,9.649,10.427,0.389,43733759.0,77.39,41.4,16.462,11.133,7894.393,539.849,7.11,13.5,47.4,8.8,EU,Europe
Israel,31.0,35.0,5/15/20,16589,266,12587,2020-05-15,AS,Asia,Israel,2020-05-15,16.579,31,0.265,1,1915.42,3.582,30.616,0.11599999999999999,8655541.0,402.606,30.6,11.732999999999999,7.359,33132.32,93.32,6.74,15.4,35.4,2.99,AS,Asia
Indonesia,-0.7893,113.9213,5/15/20,16496,1076,3803,2020-05-15,AS,Asia,Indonesia,2020-05-15,16.006,568,1.043,15,58.518,2.077,3.813,0.055,273523621.0,145.725,29.3,5.319,3.053,11188.743999999999,342.8640000000001,6.32,2.8,76.1,1.04,AS,Asia
Indonesia,-0.7893,113.9213,5/15/20,16496,1076,3803,2020-05-15,AS,Asia,Indonesia,2020-05-15,0.024,0,0.0,0,18.203,0.0,0.0,0.0,1318442.0,87.176,18.0,3.556,1.8969999999999998,6570.102,335.346,6.86,6.3,78.1,5.9,AS,Asia
Romania,45.9432,24.9668,5/15/20,16437,1070,9370,2020-05-15,EU,Europe,Romania,2020-05-15,16.247,245,1.046,30,844.54,12.735,54.372,1.5590000000000002,19237682.0,85.12899999999998,43.0,17.85,11.69,23313.199,370.94599999999997,9.74,22.9,37.1,6.892,EU,Europe
Japan,36.0,138.0,5/15/20,16203,713,10338,2020-05-15,AS,Asia,Japan,2020-05-15,16.192999999999998,114,0.71,23,128.032,0.9009999999999999,5.614,0.182,126476458.0,347.778,48.2,27.049,18.493,39002.223,79.37,5.72,11.2,33.7,13.05,AS,Asia
Australia,47.5162,14.5501,5/15/20,16109,628,14471,2020-05-15,OC,Oceania,Australia,2020-05-15,6.989,14,0.098,0,274.08,0.5489999999999999,3.843,0.0,25499881.0,3.202,37.9,15.504000000000001,10.129,44648.71,107.791,5.07,13.0,16.5,3.84,OC,Oceania
Colombia,4.5709,-74.2973,5/15/20,14216,546,3460,2020-05-15,SA,South America,Colombia,2020-05-15,13.61,680,0.525,16,267.47700000000003,13.364,10.318,0.314,50882884.0,44.223,32.2,7.646,4.312,13254.948999999999,124.24,7.44,4.7,13.5,1.71,SA,South America
South Africa,-30.5595,22.9375,5/15/20,13524,247,6083,2020-05-15,AF,Africa,South Africa,2020-05-15,12.739,665,0.238,19,214.791,11.213,4.013,0.32,59308690.0,46.754,27.3,5.343999999999999,3.053,12294.876,200.38,5.52,8.1,33.2,2.32,AF,Africa
Kuwait,29.5,47.75,5/15/20,12860,96,3640,2020-05-15,AS,Asia,Kuwait,2020-05-15,11.975,947,0.08800000000000001,6,2804.08,221.75099999999998,20.605999999999998,1.405,4270563.0,232.128,33.7,2.345,1.114,65530.537000000004,132.235,15.84,2.7,37.0,2.0,AS,Asia
Philippines,13.0,122.0,5/15/20,12091,806,2460,2020-05-15,AS,Asia,Philippines,2020-05-15,11.876,258,0.79,18,108.376,2.354,7.209,0.16399999999999998,109581085.0,351.87300000000016,25.2,4.803,2.661,7599.188,370.43699999999995,7.07,7.8,40.8,1.0,AS,Asia
Dominican Republic,18.7357,-70.1627,5/15/20,11739,424,3557,2020-05-15,,North America,Dominican Republic,2020-05-15,11.32,124,0.422,13,1043.52,11.431,38.902,1.198,10847904.0,222.873,27.6,6.981,4.419,14600.861,266.653,8.2,8.5,19.1,1.6,,North America
Egypt,26.0,30.0,5/15/20,11228,592,2799,2020-05-15,AF,Africa,Egypt,2020-05-15,10.829,398,0.5710000000000001,15,105.82,3.889,5.58,0.147,102334403.0,97.999,25.3,5.159,2.891,10550.206,525.432,17.31,0.2,50.1,1.6,AF,Africa
South Korea,36.0,128.0,5/15/20,11037,262,9851,2020-05-15,AS,Asia,South Korea,2020-05-15,11.018,27,0.26,0,214.905,0.527,5.0710000000000015,0.0,51269183.0,527.967,43.4,13.914000000000001,8.622,35938.373999999996,85.99799999999998,6.8,6.2,40.9,12.27,AS,Asia
Denmark,56.2639,9.5018,5/15/20,10791,537,8959,2020-05-15,EU,Europe,Denmark,2020-05-15,10.713,46,0.537,4,1849.555,7.942,92.711,0.691,5792203.0,136.52,42.3,19.677,12.325,46682.515,114.76700000000001,6.41,19.3,18.8,2.5,EU,Europe
Denmark,56.2639,9.5018,5/15/20,10791,537,8959,2020-05-15,EU,Europe,Denmark,2020-05-15,0.187,0,0.0,0,3826.87,0.0,0.0,0.0,48865.0,35.308,32.4,6.933,1.726,661.24,79.37,2.42,1.9,24.7,0.7,EU,Europe
Serbia,44.0165,21.0059,5/15/20,10438,225,4301,2020-05-15,EU,Europe,Serbia,2020-05-15,10.374,79,0.224,2,1524.558,11.61,32.919000000000004,0.294,6804596.0,80.291,41.2,17.366,1.726,14048.881000000001,439.415,10.08,37.7,40.2,5.609,EU,Europe
Panama,8.538,-80.7821,5/15/20,9268,266,6080,2020-05-15,,North America,Panama,2020-05-15,9.118,174,0.26,4,2113.207000000001,40.327,60.258,0.927,4314768.0,55.133,29.7,7.9179999999999975,5.03,22267.037,128.346,8.33,2.4,9.9,2.3,,North America
Norway,60.472,8.4689,5/15/20,8219,232,32,2020-05-15,EU,Europe,Norway,2020-05-15,8.175,17,0.232,3,1507.957,3.136,42.795,0.5529999999999999,5421242.0,14.462,39.7,16.820999999999998,10.812999999999999,64800.057,114.316,5.31,19.6,20.7,3.6,EU,Europe
Argentina,-38.4161,-63.6167,5/15/20,7479,356,2497,2020-05-15,SA,South America,Argentina,2020-05-15,7.121,255,0.353,24,157.559,5.642,7.81,0.531,45195777.0,16.177,31.9,11.198,7.441,18933.907,191.032,5.5,16.2,27.7,5.0,SA,South America
Malaysia,2.5,112.5,5/15/20,6855,112,5439,2020-05-15,AS,Asia,Malaysia,2020-05-15,6.819,40,0.112,1,210.68400000000003,1.236,3.46,0.031,32365998.0,96.25399999999999,29.9,6.2929999999999975,3.407,26808.164,260.942,16.74,1.0,42.4,1.9,AS,Asia
Morocco,31.7917,-7.0926,5/15/20,6652,190,3400,2020-05-15,AF,Africa,Morocco,2020-05-15,6.607,95,0.19,2,179.0,2.574,5.148,0.054000000000000006,36910558.0,80.08,29.6,6.769,4.209,7485.013000000001,419.14599999999996,7.14,0.8,47.1,1.1,AF,Africa
Algeria,28.0339,1.6596,5/15/20,6629,536,3271,2020-05-15,AF,Africa,Algeria,2020-05-15,6.442,189,0.529,7,146.906,4.31,12.064,0.16,43851043.0,17.348,29.1,6.211,3.8569999999999998,13913.839,278.36400000000003,6.73,0.7,30.4,1.9,AF,Africa
Bahrain,26.0275,50.55,5/15/20,6583,12,2640,2020-05-15,AS,Asia,Bahrain,2020-05-15,6.198,382,0.01,0,3642.491,224.497,5.8770000000000024,0.0,1701583.0,1935.9070000000002,32.4,2.372,1.3869999999999998,43290.705,151.689,16.52,5.8,37.6,2.0,AS,Asia
Canada,53.9333,-116.5765,5/15/20,6515,125,0,2020-05-15,,North America,Canada,2020-05-15,73.40100000000002,1123,5.472,168,1944.8010000000002,29.755,144.984,4.4510000000000005,37742157.0,4.037,41.4,16.984,10.797,44017.59099999999,105.59899999999999,7.37,12.0,16.6,2.5,,North America
Finland,64.0,26.0,5/15/20,6228,293,5000,2020-05-15,EU,Europe,Finland,2020-05-15,6.145,91,0.287,3,1109.062,16.424,51.798,0.541,5540718.0,18.136,42.8,21.228,13.264000000000001,40585.721,153.507,5.76,18.3,22.6,3.28,EU,Europe
Afghanistan,33.0,65.0,5/15/20,6053,153,745,2020-05-15,AS,Asia,Afghanistan,2020-05-15,5.339,113,0.136,6,137.149,2.903,3.4939999999999998,0.154,38928341.0,54.422,18.6,2.5810000000000004,1.337,1803.987,597.029,9.59,1.9,24.7,0.5,AS,Asia
Moldova,47.4116,28.3699,5/15/20,5745,202,2228,2020-05-15,EU,Europe,Moldova,2020-05-15,5.553,147,0.194,9,1376.5620000000001,36.441,48.092,2.231,4033963.0,123.655,37.6,10.864,6.955,5189.972,408.50199999999995,5.72,5.9,44.6,5.8,EU,Europe
Kazakhstan,48.0196,66.9237,5/15/20,5689,34,2707,2020-05-15,AS,Asia,Kazakhstan,2020-05-15,5.5710000000000015,0,0.032,0,296.697,0.0,1.704,0.0,18776707.0,6.681,30.6,6.9910000000000005,4.625,24055.588,466.792,7.11,7.0,43.1,6.7,AS,Asia
Ghana,7.9465,-1.0232,5/15/20,5638,28,1460,2020-05-15,AF,Africa,Ghana,2020-05-15,5.53,122,0.024,0,177.968,3.926,0.772,0.0,31072945.0,126.719,21.1,3.385,1.9480000000000002,4227.63,298.245,4.97,0.3,7.7,0.9,AF,Africa
Nigeria,9.082,8.6753,5/15/20,5450,171,1320,2020-05-15,AF,Africa,Nigeria,2020-05-15,5.162000000000001,191,0.16699999999999998,3,25.041,0.927,0.81,0.015,206139587.0,209.588,18.1,2.7510000000000003,1.4469999999999998,5338.4540000000015,181.013,2.42,0.6,10.8,0.7,AF,Africa
Oman,21.0,57.0,5/15/20,4625,20,1350,2020-05-15,AS,Asia,Oman,2020-05-15,4.341,322,0.019,2,850.073,63.055,3.721,0.392,5106622.0,14.98,30.7,2.355,1.53,37960.709,266.342,12.61,0.5,15.6,1.6,AS,Asia
Armenia,40.0691,45.0382,5/15/20,4044,52,1666,2020-05-15,AS,Asia,Armenia,2020-05-15,3.86,142,0.049,1,1302.631,47.92100000000001,16.535999999999998,0.337,2963234.0,102.931,35.7,11.232000000000001,7.5710000000000015,8787.58,341.01,7.11,1.5,52.1,4.2,AS,Asia
Luxembourg,49.8153,6.1296,5/15/20,3923,104,3682,2020-05-15,EU,Europe,Luxembourg,2020-05-15,3.915,11,0.103,0,6254.233,17.573,164.543,0.0,625976.0,231.447,39.7,14.312000000000001,9.842,94277.965,128.275,4.42,20.9,26.0,4.51,EU,Europe
Bolivia,-16.2902,-63.5887,5/15/20,3577,164,434,2020-05-15,SA,South America,Bolivia,2020-05-15,3.372,224,0.152,10,288.871,19.19,13.020999999999999,0.857,11673029.0,10.202,25.4,6.704,4.393,6885.829000000002,204.299,6.89,1.9,24.7,1.1,SA,South America
Hungary,47.1625,19.5033,5/15/20,3417,442,1287,2020-05-15,EU,Europe,Hungary,2020-05-15,3.417,37,0.442,6,353.714,3.83,45.754,0.621,9660350.0,108.04299999999999,43.4,18.577,11.975999999999999,26777.561,278.296,7.55,26.8,34.8,7.02,EU,Europe
Iraq,33.0,44.0,5/15/20,3193,117,2089,2020-05-15,AS,Asia,Iraq,2020-05-15,3.143,111,0.115,0,78.14,2.76,2.859,0.0,40222503.0,88.125,20.0,3.1860000000000004,1.9569999999999999,15663.986,218.612,8.83,1.9,24.7,1.4,AS,Asia
Cameroon,3.848,11.5021,5/15/20,3105,140,1567,2020-05-15,AF,Africa,Cameroon,2020-05-15,2.954,154,0.139,3,111.279,5.801,5.2360000000000015,0.113,26545864.0,50.885,18.8,3.165,1.919,3364.926,244.66099999999997,7.2,1.9,24.7,1.3,AF,Africa
Australia,-33.8688,151.2093,5/15/20,3074,45,2611,2020-05-15,OC,Oceania,Australia,2020-05-15,6.989,14,0.098,0,274.08,0.5489999999999999,3.843,0.0,25499881.0,3.202,37.9,15.504000000000001,10.129,44648.71,107.791,5.07,13.0,16.5,3.84,OC,Oceania
Thailand,15.0,101.0,5/15/20,3025,56,2854,2020-05-15,AS,Asia,Thailand,2020-05-15,3.018,1,0.056,0,43.238,0.013999999999999999,0.802,0.0,69799978.0,135.132,40.1,11.373,6.89,16277.671,109.861,7.04,1.9,38.8,2.1,AS,Asia
Azerbaijan,40.1431,47.5769,5/15/20,2980,36,1886,2020-05-15,AS,Asia,Azerbaijan,2020-05-15,2.879,121,0.035,0,283.948,11.934000000000001,3.452,0.0,10139175.0,119.309,32.4,6.018,3.8710000000000004,15847.419,559.812,7.11,0.3,42.5,4.7,AS,Asia
Greece,39.0742,21.8243,5/15/20,2810,160,1374,2020-05-15,EU,Europe,Greece,2020-05-15,2.77,10,0.156,1,265.757,0.9590000000000001,14.967,0.096,10423056.0,83.479,45.3,20.396,14.524000000000001,24574.382,175.695,4.55,35.3,52.0,4.21,EU,Europe
Uzbekistan,41.3775,64.5853,5/15/20,2686,11,2158,2020-05-15,AS,Asia,Uzbekistan,2020-05-15,2.645,33,0.011,0,79.028,0.986,0.32899999999999996,0.0,33469199.0,76.134,28.2,4.468999999999999,2.873,6253.104,724.4169999999997,7.57,1.3,24.7,4.0,AS,Asia
Guinea,9.9456,-9.6966,5/15/20,2473,15,895,2020-05-15,AF,Africa,Guinea,2020-05-15,2.4730000000000003,99,0.014,0,188.30700000000002,7.5379999999999985,1.0659999999999998,0.0,13132792.0,51.755,19.0,3.135,1.733,1998.9260000000002,336.717,2.42,1.9,24.7,0.3,AF,Africa
Honduras,15.2,-86.2419,5/15/20,2460,134,264,2020-05-15,,North America,Honduras,2020-05-15,2.318,63,0.133,10,234.032,6.3610000000000015,13.427999999999999,1.01,9904608.0,82.805,24.9,4.652,2.883,4541.795,240.208,7.21,2.0,24.7,0.7,,North America
Canada,49.2827,-123.1207,5/15/20,2407,140,0,2020-05-15,,North America,Canada,2020-05-15,73.40100000000002,1123,5.472,168,1944.8010000000002,29.755,144.984,4.4510000000000005,37742157.0,4.037,41.4,16.984,10.797,44017.59099999999,105.59899999999999,7.37,12.0,16.6,2.5,,North America
Senegal,14.4974,-14.4524,5/15/20,2310,25,890,2020-05-15,AF,Africa,Senegal,2020-05-15,2.189,84,0.023,1,130.734,5.0169999999999995,1.374,0.06,16743930.0,82.32799999999997,18.7,3.008,1.796,2470.58,241.21900000000002,2.42,0.4,16.6,0.7,AF,Africa
Bosnia and Herzegovina,43.9159,17.6791,5/15/20,2236,128,1336,2020-05-15,EU,Europe,Bosnia and Herzegovina,2020-05-15,2.216,35,0.123,3,675.442,10.668,37.491,0.914,3280815.0,68.49600000000001,42.5,16.569000000000006,10.710999999999999,11713.895,329.635,10.08,30.2,47.7,3.5,EU,Europe
Croatia,45.1,15.2,5/15/20,2222,95,1869,2020-05-15,EU,Europe,Croatia,2020-05-15,2.221,8,0.094,0,541.012,1.949,22.897,0.0,4105268.0,73.726,44.0,19.724,13.052999999999999,22669.797000000002,253.782,5.59,34.3,39.9,5.54,EU,Europe
Bulgaria,42.7339,25.4858,5/15/20,2138,102,545,2020-05-15,EU,Europe,Bulgaria,2020-05-15,2.1,31,0.099,3,302.226,4.461,14.248,0.4320000000000001,6948445.0,65.18,44.7,20.801,13.272,18563.307,424.68800000000016,5.81,30.1,44.4,7.454,EU,Europe
Sudan,12.8628,30.2176,5/15/20,1964,91,205,2020-05-15,AF,Africa,Sudan,2020-05-15,1.964,146,0.091,1,44.79,3.33,2.075,0.023,43849269.0,23.25800000000001,19.7,3.548,2.0340000000000003,4466.507000000001,431.38800000000003,15.67,1.9,24.7,0.8,AF,Africa
Cuba,22.0,-80.0,5/15/20,1840,79,1425,2020-05-15,,North America,Cuba,2020-05-15,1.83,20,0.079,0,161.566,1.766,6.975,0.0,11326616.0,110.40799999999999,43.1,14.738,9.719,661.24,190.968,8.27,17.1,53.3,5.2,,North America
Iceland,64.9631,-19.0208,5/15/20,1802,10,1782,2020-05-15,EU,Europe,Iceland,2020-05-15,1.802,0,0.01,0,5280.585999999998,0.0,29.304000000000002,0.0,341250.0,3.404,37.3,14.431,9.207,46482.958,117.992,5.31,14.3,15.2,2.91,EU,Europe
Estonia,58.5953,25.0136,5/15/20,1766,63,923,2020-05-15,EU,Europe,Estonia,2020-05-15,1.758,7,0.062,1,1325.253,5.277,46.738,0.754,1326539.0,31.033,42.7,19.452,13.491,29481.252,255.56900000000002,4.02,24.5,39.3,4.69,EU,Europe
Guatemala,15.7835,-90.2308,5/15/20,1643,30,135,2020-05-15,,North America,Guatemala,2020-05-15,1.518,176,0.029,0,84.73100000000002,9.824,1.619,0.0,17915567.0,157.834,22.9,4.694,3.016,7423.808000000001,155.898,10.18,1.9,24.7,0.6,,North America
China,23.3417,113.4244,5/15/20,1589,8,1579,2020-05-15,AS,Asia,China,2020-05-15,84.029,5,4.637,0,58.381,0.003,3.222,0.0,1439323774.0,147.674,38.7,10.640999999999998,5.928999999999999,15308.712,261.899,9.74,1.9,48.4,4.34,AS,Asia
Australia,-37.8136,144.9631,5/15/20,1551,18,1417,2020-05-15,OC,Oceania,Australia,2020-05-15,6.989,14,0.098,0,274.08,0.5489999999999999,3.843,0.0,25499881.0,3.202,37.9,15.504000000000001,10.129,44648.71,107.791,5.07,13.0,16.5,3.84,OC,Oceania
Lithuania,55.1694,23.8813,5/15/20,1523,54,965,2020-05-15,EU,Europe,Lithuania,2020-05-15,1.511,6,0.054000000000000006,0,555.047,2.204,19.836,0.0,2722291.0,45.135,43.5,19.002,13.777999999999999,29524.265,342.9890000000001,3.67,21.3,38.0,6.56,EU,Europe
New Zealand,-40.9006,174.886,5/15/20,1498,21,1428,2020-05-15,OC,Oceania,New Zealand,2020-05-15,1.148,1,0.021,0,238.06400000000002,0.207,4.355,0.0,4822233.0,18.206,37.9,15.322000000000001,9.72,36085.843,128.797,8.08,14.8,17.2,2.61,OC,Oceania
Slovakia,48.669,19.699,5/15/20,1480,27,1131,2020-05-15,EU,Europe,Slovakia,2020-05-15,1.477,8,0.027000000000000003,0,270.531,1.465,4.945,0.0,5459643.0,113.12799999999999,41.2,15.07,9.167,30155.152000000002,287.959,7.29,23.1,37.7,5.82,EU,Europe
Slovenia,46.1512,14.9955,5/15/20,1465,103,270,2020-05-15,EU,Europe,Slovenia,2020-05-15,1.464,1,0.103,0,704.2080000000003,0.48100000000000004,49.545,0.0,2078932.0,102.619,44.5,19.062,12.93,31400.84,153.493,7.25,20.1,25.0,4.5,EU,Europe
Djibouti,11.8251,42.5903,5/15/20,1309,4,935,2020-05-15,AF,Africa,Djibouti,2020-05-15,1.284,16,0.003,0,1299.593,16.194000000000006,3.036,0.0,988002.0,41.285,25.4,4.213,2.38,2705.406,258.03700000000003,6.05,1.7,24.5,1.4,AF,Africa
Somalia,5.1521,46.1996,5/15/20,1284,53,135,2020-05-15,AF,Africa,Somalia,2020-05-15,1.284,65,0.053,1,80.789,4.09,3.335,0.063,15893219.0,23.5,16.8,2.7310000000000003,1.496,661.24,365.769,6.05,1.9,24.7,0.9,AF,Africa
China,33.882,113.614,5/15/20,1276,22,1254,2020-05-15,AS,Asia,China,2020-05-15,84.029,5,4.637,0,58.381,0.003,3.222,0.0,1439323774.0,147.674,38.7,10.640999999999998,5.928999999999999,15308.712,261.899,9.74,1.9,48.4,4.34,AS,Asia
China,29.1832,120.0934,5/15/20,1268,1,1267,2020-05-15,AS,Asia,China,2020-05-15,84.029,5,4.637,0,58.381,0.003,3.222,0.0,1439323774.0,147.674,38.7,10.640999999999998,5.928999999999999,15308.712,261.899,9.74,1.9,48.4,4.34,AS,Asia
El Salvador,13.7942,-88.8965,5/15/20,1210,25,417,2020-05-15,,North America,El Salvador,2020-05-15,1.21,98,0.023,3,186.55,15.109000000000002,3.5460000000000003,0.46299999999999997,6486201.0,307.811,27.6,8.273,5.4170000000000025,7292.4580000000005,167.295,8.87,2.5,18.8,1.3,,North America
France,-12.8275,45.1662,5/15/20,1210,16,627,2020-05-15,EU,Europe,France,2020-05-15,141.356,622,27.425,351,2165.595,9.529,420.155,5.3770000000000024,65273512.0,122.57799999999999,42.0,19.718,13.079,38605.671,86.06,4.77,30.1,35.6,5.98,EU,Europe
Gabon,-0.8037,11.6094,5/15/20,1209,10,219,2020-05-15,AF,Africa,Gabon,2020-05-15,1.104,100,0.01,1,496.017,44.928999999999995,4.493,0.449,2225728.0,7.859,23.1,4.45,2.9760000000000004,16562.413,259.967,7.2,1.9,24.7,6.3,AF,Africa
Tajikistan,38.861034,71.276093,5/15/20,1118,33,0,2020-05-15,AS,Asia,Tajikistan,2020-05-15,0.907,106,0.029,6,95.09700000000001,11.114,3.0410000000000004,0.629,9537642.0,64.281,23.3,3.466,2.155,2896.913,427.69800000000004,7.11,1.9,24.7,4.8,AS,Asia
Kyrgyzstan,41.2044,74.7661,5/15/20,1111,14,745,2020-05-15,AS,Asia,Kyrgyzstan,2020-05-15,1.111,29,0.014,2,170.28900000000004,4.445,2.146,0.307,6524191.0,32.333,26.3,4.489,2.8819999999999997,3393.474,436.36199999999997,7.11,3.6,50.5,4.5,AS,Asia
Australia,-28.0167,153.4,5/15/20,1055,6,1036,2020-05-15,OC,Oceania,Australia,2020-05-15,6.989,14,0.098,0,274.08,0.5489999999999999,3.843,0.0,25499881.0,3.202,37.9,15.504000000000001,10.129,44648.71,107.791,5.07,13.0,16.5,3.84,OC,Oceania
China,22.3,114.2,5/15/20,1052,4,1019,2020-05-15,AS,Asia,China,2020-05-15,84.029,5,4.637,0,58.381,0.003,3.222,0.0,1439323774.0,147.674,38.7,10.640999999999998,5.928999999999999,15308.712,261.899,9.74,1.9,48.4,4.34,AS,Asia
Tunisia,34.0,9.0,5/15/20,1035,45,802,2020-05-15,AF,Africa,Tunisia,2020-05-15,1.032,0,0.045,0,87.32,0.0,3.8080000000000003,0.0,11818618.0,74.22800000000002,32.7,8.001,5.075,10849.296999999999,318.991,8.52,1.1,65.8,2.3,AF,Africa
Canada,44.682,-63.7443,5/15/20,1034,55,0,2020-05-15,,North America,Canada,2020-05-15,73.40100000000002,1123,5.472,168,1944.8010000000002,29.755,144.984,4.4510000000000005,37742157.0,4.037,41.4,16.984,10.797,44017.59099999999,105.59899999999999,7.37,12.0,16.6,2.5,,North America
Maldives,3.2028,73.2207,5/15/20,1031,4,49,2020-05-15,AS,Asia,Maldives,2020-05-15,0.982,27,0.004,0,1816.695,49.95,7.4,0.0,540542.0,1454.433,30.6,4.12,2.875,15183.616000000002,164.905,9.19,2.1,55.0,0.7,AS,Asia
China,27.6104,111.7088,5/15/20,1019,4,1015,2020-05-15,AS,Asia,China,2020-05-15,84.029,5,4.637,0,58.381,0.003,3.222,0.0,1439323774.0,147.674,38.7,10.640999999999998,5.928999999999999,15308.712,261.899,9.74,1.9,48.4,4.34,AS,Asia
China,31.8257,117.2264,5/15/20,991,6,985,2020-05-15,AS,Asia,China,2020-05-15,84.029,5,4.637,0,58.381,0.003,3.222,0.0,1439323774.0,147.674,38.7,10.640999999999998,5.928999999999999,15308.712,261.899,9.74,1.9,48.4,4.34,AS,Asia
Latvia,56.8796,24.6032,5/15/20,970,19,662,2020-05-15,EU,Europe,Latvia,2020-05-15,0.962,11,0.019,0,510.02,5.8320000000000025,10.073,0.0,1886202.0,31.212,43.9,19.754,14.136,25063.846,350.06,4.91,25.6,51.0,5.57,EU,Europe
China,47.862,127.7615,5/15/20,945,13,931,2020-05-15,AS,Asia,China,2020-05-15,84.029,5,4.637,0,58.381,0.003,3.222,0.0,1439323774.0,147.674,38.7,10.640999999999998,5.928999999999999,15308.712,261.899,9.74,1.9,48.4,4.34,AS,Asia
Kosovo,42.602636,20.902977,5/15/20,944,29,690,2020-05-15,EU,Europe,Kosovo,2020-05-15,0.944,25,0.029,0,488.417,12.935,15.004000000000001,0.0,809.0,0.13699999999999998,32.4,6.933,1.726,661.24,79.37,2.42,1.9,24.7,0.7,SA,South America
China,27.614,115.7221,5/15/20,937,1,936,2020-05-15,AS,Asia,China,2020-05-15,84.029,5,4.637,0,58.381,0.003,3.222,0.0,1439323774.0,147.674,38.7,10.640999999999998,5.928999999999999,15308.712,261.899,9.74,1.9,48.4,4.34,AS,Asia
Sri Lanka,7.0,81.0,5/15/20,935,9,477,2020-05-15,AS,Asia,Sri Lanka,2020-05-15,0.925,10,0.009000000000000001,0,43.198,0.467,0.42,0.0,21413250.0,341.955,34.1,10.068999999999999,5.331,11669.077,197.093,10.68,0.3,27.0,3.6,AS,Asia
Albania,41.1533,20.1683,5/15/20,916,31,705,2020-05-15,EU,Europe,Albania,2020-05-15,0.898,18,0.031,0,312.0440000000001,6.255,10.772,0.0,2877800.0,104.87100000000001,38.0,13.187999999999999,8.642999999999999,11803.431,304.195,10.08,7.1,51.2,2.89,EU,Europe
Guinea-Bissau,11.8037,-15.1804,5/15/20,913,3,26,2020-05-15,AF,Africa,Guinea-Bissau,2020-05-15,0.913,93,0.003,0,463.923,47.256,1.524,0.0,1967998.0,66.191,19.4,3.002,1.565,1548.675,382.474,2.42,1.9,24.7,0.7,AF,Africa
United States,35.1264,33.4299,5/15/20,910,17,481,2020-05-15,,North America,United States,2020-05-15,1417.889,27143,85.906,1773,4283.6179999999995,82.00200000000002,259.533,5.356,331002647.0,35.60800000000001,38.3,15.413,9.732000000000001,54225.445999999996,151.089,10.79,19.1,24.6,2.77,,North America
Lebanon,33.8547,35.8623,5/15/20,891,26,246,2020-05-15,AS,Asia,Lebanon,2020-05-15,0.8859999999999999,8,0.026,0,129.808,1.172,3.8089999999999997,0.0,6825442.0,594.561,31.1,8.514,5.43,13367.565,266.591,12.71,26.9,40.7,2.9,AS,Asia
Niger,17.6078,8.0817,5/15/20,885,51,684,2020-05-15,AF,Africa,Niger,2020-05-15,0.8759999999999999,16,0.05,1,36.188,0.6609999999999999,2.066,0.040999999999999995,24206636.0,16.955,15.1,2.553,1.3780000000000001,926.0,238.33900000000003,2.42,0.1,15.4,0.3,AF,Africa
Costa Rica,9.7489,-83.7534,5/15/20,843,9,542,2020-05-15,,North America,Costa Rica,2020-05-15,0.83,15,0.008,1,162.933,2.945,1.57,0.196,5094114.0,96.079,33.6,9.468,5.694,15524.995,137.97299999999998,8.78,6.4,17.4,1.13,,North America
Mali,17.570692,-3.996166000000001,5/15/20,806,46,455,2020-05-15,AF,Africa,Mali,2020-05-15,0.779,21,0.046,2,38.468,1.037,2.272,0.099,20250834.0,15.196,16.4,2.519,1.486,2014.306,268.024,2.42,1.6,23.0,0.1,AF,Africa
China,36.3427,118.1498,5/15/20,788,7,780,2020-05-15,AS,Asia,China,2020-05-15,84.029,5,4.637,0,58.381,0.003,3.222,0.0,1439323774.0,147.674,38.7,10.640999999999998,5.928999999999999,15308.712,261.899,9.74,1.9,48.4,4.34,AS,Asia
Kenya,-0.0236,37.9062,5/15/20,781,45,284,2020-05-15,AF,Africa,Kenya,2020-05-15,0.758,21,0.042,2,14.097000000000001,0.391,0.7809999999999999,0.037000000000000005,53771300.0,87.324,20.0,2.6860000000000004,1.528,2993.028,218.637,2.92,1.2,20.4,1.4,AF,Africa
Burkina Faso,12.2383,-1.5616,5/15/20,780,51,595,2020-05-15,AF,Africa,Burkina Faso,2020-05-15,0.773,0,0.051,0,36.98,0.0,2.44,0.0,20903278.0,70.15100000000001,17.6,2.4090000000000003,1.358,1703.102,269.048,2.42,1.6,23.9,0.4,AF,Africa
Andorra,42.5063,1.5218,5/15/20,761,49,604,2020-05-15,EU,Europe,Andorra,2020-05-15,0.7609999999999999,1,0.049,0,9849.22,12.942,634.181,0.0,77265.0,163.755,32.4,6.933,1.726,661.24,109.135,7.97,29.0,37.8,0.7,EU,Europe
Paraguay,-23.4425,-58.4438,5/15/20,759,11,193,2020-05-15,SA,South America,Paraguay,2020-05-15,0.754,14,0.011,0,105.713,1.963,1.5419999999999998,0.0,7132530.0,17.144000000000002,26.5,6.377999999999999,3.833,8827.01,199.128,8.27,5.0,21.6,1.3,SA,South America
Uruguay,-32.5228,-55.7658,5/15/20,732,19,553,2020-05-15,SA,South America,Uruguay,2020-05-15,0.7240000000000001,5,0.019,0,208.422,1.439,5.47,0.0,3473727.0,19.750999999999998,35.6,14.655,10.360999999999999,20551.409,160.708,6.93,14.0,19.9,2.8,SA,South America
Georgia,42.3154,43.3569,5/15/20,671,12,393,2020-05-15,AS,Asia,Georgia,2020-05-15,0.667,20,0.012,1,167.202,5.013999999999999,3.008,0.251,3989175.0,65.032,38.7,14.864,10.244000000000002,9745.079,496.218,7.11,5.3,55.5,2.6,AS,Asia
China,31.202,121.4491,5/15/20,665,7,640,2020-05-15,AS,Asia,China,2020-05-15,84.029,5,4.637,0,58.381,0.003,3.222,0.0,1439323774.0,147.674,38.7,10.640999999999998,5.928999999999999,15308.712,261.899,9.74,1.9,48.4,4.34,AS,Asia
Zambia,-15.4167,28.2833,5/15/20,654,7,124,2020-05-15,AF,Africa,Zambia,2020-05-15,0.654,208,0.006999999999999999,0,35.574,11.314,0.381,0.0,18383956.0,22.995,17.7,2.48,1.5419999999999998,3689.2509999999997,234.49900000000002,3.94,3.1,24.7,2.0,AF,Africa
China,32.9711,119.455,5/15/20,653,0,653,2020-05-15,AS,Asia,China,2020-05-15,84.029,5,4.637,0,58.381,0.003,3.222,0.0,1439323774.0,147.674,38.7,10.640999999999998,5.928999999999999,15308.712,261.899,9.74,1.9,48.4,4.34,AS,Asia
San Marino,43.9424,12.4578,5/15/20,652,41,189,2020-05-15,EU,Europe,San Marino,2020-05-15,0.648,5,0.041,0,19093.641,147.327,1208.085,0.0,33938.0,556.6669999999998,32.4,6.933,1.726,56861.47,79.37,5.64,1.9,24.7,3.8,EU,Europe
Jordan,31.24,36.51,5/15/20,596,9,401,2020-05-15,AS,Asia,Jordan,2020-05-15,0.586,4,0.009000000000000001,0,57.433,0.392,0.882,0.0,10203140.0,109.285,23.2,3.81,2.3609999999999998,8337.49,208.257,11.75,1.9,24.7,1.4,AS,Asia
Equatorial Guinea,1.5,10.0,5/15/20,594,7,22,2020-05-15,AF,Africa,Equatorial Guinea,2020-05-15,0.594,72,0.006999999999999999,1,423.38300000000004,51.318999999999996,4.989,0.713,1402985.0,45.193999999999996,22.4,2.846,1.7519999999999998,22604.873,202.812,7.78,1.9,24.7,2.1,AF,Africa
China,40.1824,116.4142,5/15/20,593,9,576,2020-05-15,AS,Asia,China,2020-05-15,84.029,5,4.637,0,58.381,0.003,3.222,0.0,1439323774.0,147.674,38.7,10.640999999999998,5.928999999999999,15308.712,261.899,9.74,1.9,48.4,4.34,AS,Asia
Canada,52.9399,-106.4509,5/15/20,590,7,0,2020-05-15,,North America,Canada,2020-05-15,73.40100000000002,1123,5.472,168,1944.8010000000002,29.755,144.984,4.4510000000000005,37742157.0,4.037,41.4,16.984,10.797,44017.59099999999,105.59899999999999,7.37,12.0,16.6,2.5,,North America
China,30.0572,107.874,5/15/20,579,6,573,2020-05-15,AS,Asia,China,2020-05-15,84.029,5,4.637,0,58.381,0.003,3.222,0.0,1439323774.0,147.674,38.7,10.640999999999998,5.928999999999999,15308.712,261.899,9.74,1.9,48.4,4.34,AS,Asia
China,30.6171,102.7103,5/15/20,561,3,558,2020-05-15,AS,Asia,China,2020-05-15,84.029,5,4.637,0,58.381,0.003,3.222,0.0,1439323774.0,147.674,38.7,10.640999999999998,5.928999999999999,15308.712,261.899,9.74,1.9,48.4,4.34,AS,Asia
Australia,-31.9505,115.8605,5/15/20,552,9,538,2020-05-15,OC,Oceania,Australia,2020-05-15,6.989,14,0.098,0,274.08,0.5489999999999999,3.843,0.0,25499881.0,3.202,37.9,15.504000000000001,10.129,44648.71,107.791,5.07,13.0,16.5,3.84,OC,Oceania
United Kingdom,49.3723,-2.3644,5/15/20,549,43,457,2020-05-15,EU,Europe,United Kingdom,2020-05-15,233.151,3446,33.614000000000004,428,3434.449,50.762,495.154,6.305,67886004.0,272.89799999999997,40.8,18.517,12.527000000000001,39753.244,122.137,4.28,20.0,24.7,2.54,EU,Europe
Malta,35.9375,14.3754,5/15/20,532,6,458,2020-05-15,EU,Europe,Malta,2020-05-15,0.522,14,0.006,0,1182.229,31.706999999999997,13.589,0.0,441539.0,1454.037,42.4,19.426,11.324000000000002,36513.323,168.71099999999996,8.83,20.9,30.2,4.485,EU,Europe
Jamaica,18.1096,-77.2975,5/15/20,511,9,121,2020-05-15,,North America,Jamaica,2020-05-15,0.509,0,0.009000000000000001,0,171.892,0.0,3.0389999999999997,0.0,2961161.0,266.879,31.4,9.684,6.39,8193.571,206.537,11.28,5.3,28.6,1.7,,North America
Tanzania,-6.369,34.8888,5/15/20,509,21,183,2020-05-15,AF,Africa,Tanzania,2020-05-15,0.509,0,0.021,0,8.521,0.0,0.35200000000000004,0.0,59734213.0,64.699,17.7,3.108,1.874,2683.304,217.28799999999998,5.75,3.3,26.7,0.7,AF,Africa
Venezuela,6.4238,-66.5897,5/15/20,459,10,229,2020-05-15,SA,South America,Venezuela,2020-05-15,0.455,15,0.01,0,16.000999999999998,0.528,0.35200000000000004,0.0,28435943.0,36.253,29.0,6.614,3.915,16745.022,204.85,6.47,1.9,24.7,0.8,SA,South America
Sierra Leone,8.460555000000001,-11.779889,5/15/20,447,27,97,2020-05-15,AF,Africa,Sierra Leone,2020-05-15,0.408,21,0.026,5,51.147,2.633,3.259,0.627,7976985.0,104.7,19.1,2.5380000000000003,1.285,1390.3,325.721,2.42,8.8,41.3,0.7,AF,Africa
France,-21.1351,55.2471,5/15/20,441,0,354,2020-05-15,EU,Europe,France,2020-05-15,141.356,622,27.425,351,2165.595,9.529,420.155,5.3770000000000024,65273512.0,122.57799999999999,42.0,19.718,13.079,38605.671,86.06,4.77,30.1,35.6,5.98,EU,Europe
Australia,-34.9285,138.6007,5/15/20,439,4,435,2020-05-15,OC,Oceania,Australia,2020-05-15,6.989,14,0.098,0,274.08,0.5489999999999999,3.843,0.0,25499881.0,3.202,37.9,15.504000000000001,10.129,44648.71,107.791,5.07,13.0,16.5,3.84,OC,Oceania
Chad,15.4542,18.7322,5/15/20,428,48,88,2020-05-15,AF,Africa,Chad,2020-05-15,0.399,27,0.046,4,24.291,1.6440000000000001,2.8,0.244,16425859.0,11.833,16.7,2.4859999999999998,1.446,1768.1529999999998,280.995,6.1,1.9,24.7,0.7,AF,Africa
Palestine,31.9522,35.2332,5/15/20,375,2,315,2020-05-15,AS,Asia,Palestine,2020-05-15,0.5479999999999999,0,0.004,0,107.421,0.0,0.784,0.0,5101416.0,778.202,20.4,3.043,1.726,4449.898,265.91,10.59,1.9,24.7,0.7,AS,Asia
China,26.0789,117.9874,5/15/20,356,1,355,2020-05-15,AS,Asia,China,2020-05-15,84.029,5,4.637,0,58.381,0.003,3.222,0.0,1439323774.0,147.674,38.7,10.640999999999998,5.928999999999999,15308.712,261.899,9.74,1.9,48.4,4.34,AS,Asia
Benin,9.3077,2.3158,5/15/20,339,2,83,2020-05-15,AF,Africa,Benin,2020-05-15,0.339,12,0.002,0,27.963,0.99,0.165,0.0,12123198.0,99.11,18.8,3.2439999999999998,1.942,2064.236,235.84799999999998,0.99,0.6,12.3,0.5,AF,Africa
United Kingdom,54.2361,-4.5481,5/15/20,334,24,285,2020-05-15,EU,Europe,United Kingdom,2020-05-15,233.151,3446,33.614000000000004,428,3434.449,50.762,495.154,6.305,67886004.0,272.89799999999997,40.8,18.517,12.527000000000001,39753.244,122.137,4.28,20.0,24.7,2.54,EU,Europe
Mauritius,-20.2,57.5,5/15/20,332,10,322,2020-05-15,AF,Africa,Mauritius,2020-05-15,0.332,0,0.01,0,261.05400000000003,0.0,7.862999999999999,0.0,1271767.0,622.962,37.4,10.945,5.8839999999999995,20292.745,224.644,22.02,3.2,40.7,3.4,AF,Africa
China,39.549,116.1306,5/15/20,328,6,321,2020-05-15,AS,Asia,China,2020-05-15,84.029,5,4.637,0,58.381,0.003,3.222,0.0,1439323774.0,147.674,38.7,10.640999999999998,5.928999999999999,15308.712,261.899,9.74,1.9,48.4,4.34,AS,Asia
Montenegro,42.5,19.3,5/15/20,324,9,311,2020-05-15,EU,Europe,Montenegro,2020-05-15,0.324,0,0.009000000000000001,0,515.873,0.0,14.33,0.0,628062.0,46.28,39.1,14.762,9.395,16409.288,387.305,10.08,44.0,47.9,3.861,EU,Europe
Vietnam,16.0,108.0,5/15/20,314,0,260,2020-05-15,AS,Asia,Vietnam,2020-05-15,0.312,24,0.0,0,3.205,0.247,0.0,0.0,97338583.0,308.127,32.6,7.15,4.718,6171.884,245.465,6.0,1.0,45.9,2.6,AS,Asia
Haiti,18.9712,-72.2852,5/15/20,310,20,29,2020-05-15,,North America,Haiti,2020-05-15,0.273,39,0.02,2,23.941999999999997,3.42,1.754,0.175,11402533.0,398.44800000000004,24.3,4.8,2.9539999999999997,1653.1729999999998,430.548,6.65,2.9,23.1,0.7,,North America
China,35.1917,108.8701,5/15/20,308,3,301,2020-05-15,AS,Asia,China,2020-05-15,84.029,5,4.637,0,58.381,0.003,3.222,0.0,1439323774.0,147.674,38.7,10.640999999999998,5.928999999999999,15308.712,261.899,9.74,1.9,48.4,4.34,AS,Asia
Central African Republic,6.6111,20.9394,5/15/20,301,0,13,2020-05-15,AF,Africa,Central African Republic,2020-05-15,0.221,24,0.0,0,45.758,4.968999999999999,0.0,0.0,4829764.0,7.479,18.3,3.655,2.251,661.24,435.727,6.1,1.9,24.7,1.0,AF,Africa
Canada,53.7609,-98.8139,5/15/20,289,7,0,2020-05-15,,North America,Canada,2020-05-15,73.40100000000002,1123,5.472,168,1944.8010000000002,29.755,144.984,4.4510000000000005,37742157.0,4.037,41.4,16.984,10.797,44017.59099999999,105.59899999999999,7.37,12.0,16.6,2.5,,North America
Ethiopia,9.145,40.4897,5/15/20,287,5,112,2020-05-15,AF,Africa,Ethiopia,2020-05-15,0.272,9,0.005,0,2.366,0.078,0.043,0.0,114963583.0,104.95700000000001,19.8,3.5260000000000002,2.063,1729.9270000000001,182.63400000000001,7.47,0.4,8.5,0.3,AF,Africa
Rwanda,-1.9403,29.8739,5/15/20,287,0,177,2020-05-15,AF,Africa,Rwanda,2020-05-15,0.287,0,0.0,0,22.158,0.0,0.0,0.0,12952209.0,494.869,20.3,2.9739999999999998,1.642,1854.211,191.375,4.28,4.7,21.0,0.7,AF,Africa
Nepal,28.1667,84.25,5/15/20,267,0,36,2020-05-15,AS,Asia,Nepal,2020-05-15,0.258,39,0.0,0,8.855,1.339,0.0,0.0,29136808.0,204.43,25.0,5.809,3.2119999999999997,2442.804,260.797,7.26,9.5,37.8,0.3,AS,Asia
Togo,8.6195,0.8248,5/15/20,263,11,96,2020-05-15,AF,Africa,Togo,2020-05-15,0.238,19,0.011,0,28.748,2.295,1.329,0.0,8278737.0,143.366,19.4,2.839,1.525,1429.8129999999999,280.033,6.15,0.9,14.2,0.7,AF,Africa
Canada,53.1355,-57.6604,5/15/20,260,3,0,2020-05-15,,North America,Canada,2020-05-15,73.40100000000002,1123,5.472,168,1944.8010000000002,29.755,144.984,4.4510000000000005,37742157.0,4.037,41.4,16.984,10.797,44017.59099999999,105.59899999999999,7.37,12.0,16.6,2.5,,North America
China,23.8298,108.7881,5/15/20,254,2,252,2020-05-15,AS,Asia,China,2020-05-15,84.029,5,4.637,0,58.381,0.003,3.222,0.0,1439323774.0,147.674,38.7,10.640999999999998,5.928999999999999,15308.712,261.899,9.74,1.9,48.4,4.34,AS,Asia
Madagascar,-18.7669,46.8691,5/15/20,238,0,112,2020-05-15,AF,Africa,Madagascar,2020-05-15,0.23,18,0.0,0,8.306000000000001,0.65,0.0,0.0,27691019.0,43.951,19.6,2.929,1.686,1416.44,405.994,3.94,1.9,24.7,0.2,AF,Africa
South Sudan,6.877000000000002,31.307,5/15/20,236,4,4,2020-05-15,AF,Africa,South Sudan,2020-05-15,0.231,28,0.001,1,20.636999999999997,2.501,0.08900000000000001,0.08900000000000001,11193729.0,0.13699999999999998,19.2,3.4410000000000003,2.032,1569.888,280.775,10.43,1.9,24.7,0.7,AF,Africa
Sao Tome and Principe,0.18636,6.613081,5/15/20,235,7,4,2020-05-15,AF,Africa,Sao Tome and Principe,2020-05-15,0.235,0,0.006999999999999999,0,1072.271,0.0,31.94,0.0,219161.0,212.84099999999998,18.7,2.886,2.162,3052.7140000000004,270.113,2.42,1.9,24.7,2.9,AF,Africa
Australia,-41.4545,145.9707,5/15/20,228,13,191,2020-05-15,OC,Oceania,Australia,2020-05-15,6.989,14,0.098,0,274.08,0.5489999999999999,3.843,0.0,25499881.0,3.202,37.9,15.504000000000001,10.129,44648.71,107.791,5.07,13.0,16.5,3.84,OC,Oceania
Liberia,6.4281,-9.4295,5/15/20,219,20,108,2020-05-15,AF,Africa,Liberia,2020-05-15,0.215,2,0.02,0,42.51,0.395,3.9539999999999997,0.0,5057677.0,49.126999999999995,19.2,3.057,1.756,752.788,272.509,2.42,1.5,18.1,0.8,AF,Africa
China,44.0935,113.9448,5/15/20,209,1,196,2020-05-15,AS,Asia,China,2020-05-15,84.029,5,4.637,0,58.381,0.003,3.222,0.0,1439323774.0,147.674,38.7,10.640999999999998,5.928999999999999,15308.712,261.899,9.74,1.9,48.4,4.34,AS,Asia
Uganda,1.0,32.0,5/15/20,203,0,63,2020-05-15,AF,Africa,Uganda,2020-05-15,0.16,21,0.0,0,3.498,0.45899999999999996,0.0,0.0,45741000.0,213.75900000000001,16.4,2.168,1.308,1697.707,213.333,2.5,3.4,16.7,0.5,AF,Africa
China,37.5777,112.2922,5/15/20,198,0,198,2020-05-15,AS,Asia,China,2020-05-15,84.029,5,4.637,0,58.381,0.003,3.222,0.0,1439323774.0,147.674,38.7,10.640999999999998,5.928999999999999,15308.712,261.899,9.74,1.9,48.4,4.34,AS,Asia
France,14.6415,-61.0242,5/15/20,192,14,91,2020-05-15,EU,Europe,France,2020-05-15,141.356,622,27.425,351,2165.595,9.529,420.155,5.3770000000000024,65273512.0,122.57799999999999,42.0,19.718,13.079,38605.671,86.06,4.77,30.1,35.6,5.98,EU,Europe
China,39.3054,117.323,5/15/20,191,3,187,2020-05-15,AS,Asia,China,2020-05-15,84.029,5,4.637,0,58.381,0.003,3.222,0.0,1439323774.0,147.674,38.7,10.640999999999998,5.928999999999999,15308.712,261.899,9.74,1.9,48.4,4.34,AS,Asia
France,3.9339,-53.1258,5/15/20,189,1,124,2020-05-15,EU,Europe,France,2020-05-15,141.356,622,27.425,351,2165.595,9.529,420.155,5.3770000000000024,65273512.0,122.57799999999999,42.0,19.718,13.079,38605.671,86.06,4.77,30.1,35.6,5.98,EU,Europe
Denmark,61.8926,-6.9118,5/15/20,187,0,187,2020-05-15,EU,Europe,Denmark,2020-05-15,10.713,46,0.537,4,1849.555,7.942,92.711,0.691,5792203.0,136.52,42.3,19.677,12.325,46682.515,114.76700000000001,6.41,19.3,18.8,2.5,EU,Europe
Denmark,61.8926,-6.9118,5/15/20,187,0,187,2020-05-15,EU,Europe,Denmark,2020-05-15,0.187,0,0.0,0,3826.87,0.0,0.0,0.0,48865.0,35.308,32.4,6.933,1.726,661.24,79.37,2.42,1.9,24.7,0.7,EU,Europe
China,24.974,101.487,5/15/20,185,2,183,2020-05-15,AS,Asia,China,2020-05-15,84.029,5,4.637,0,58.381,0.003,3.222,0.0,1439323774.0,147.674,38.7,10.640999999999998,5.928999999999999,15308.712,261.899,9.74,1.9,48.4,4.34,AS,Asia
Myanmar,21.9162,95.956,5/15/20,182,6,89,2020-05-15,AS,Asia,Myanmar,2020-05-15,0.181,0,0.006,0,3.327,0.0,0.11,0.0,54409794.0,81.721,29.1,5.732,3.12,5591.597,202.104,4.61,6.3,35.2,0.9,AS,Asia
China,19.1959,109.7453,5/15/20,169,6,162,2020-05-15,AS,Asia,China,2020-05-15,84.029,5,4.637,0,58.381,0.003,3.222,0.0,1439323774.0,147.674,38.7,10.640999999999998,5.928999999999999,15308.712,261.899,9.74,1.9,48.4,4.34,AS,Asia
France,16.25,-61.5833,5/15/20,155,13,109,2020-05-15,EU,Europe,France,2020-05-15,141.356,622,27.425,351,2165.595,9.529,420.155,5.3770000000000024,65273512.0,122.57799999999999,42.0,19.718,13.079,38605.671,86.06,4.77,30.1,35.6,5.98,EU,Europe
China,41.2956,122.6085,5/15/20,149,2,144,2020-05-15,AS,Asia,China,2020-05-15,84.029,5,4.637,0,58.381,0.003,3.222,0.0,1439323774.0,147.674,38.7,10.640999999999998,5.928999999999999,15308.712,261.899,9.74,1.9,48.4,4.34,AS,Asia
China,26.8154,106.8748,5/15/20,147,2,145,2020-05-15,AS,Asia,China,2020-05-15,84.029,5,4.637,0,58.381,0.003,3.222,0.0,1439323774.0,147.674,38.7,10.640999999999998,5.928999999999999,15308.712,261.899,9.74,1.9,48.4,4.34,AS,Asia
United Kingdom,36.1408,-5.3536,5/15/20,147,0,144,2020-05-15,EU,Europe,United Kingdom,2020-05-15,233.151,3446,33.614000000000004,428,3434.449,50.762,495.154,6.305,67886004.0,272.89799999999997,40.8,18.517,12.527000000000001,39753.244,122.137,4.28,20.0,24.7,2.54,EU,Europe
Brunei,4.5353,114.7277,5/15/20,141,1,135,2020-05-15,AS,Asia,Brunei,2020-05-15,0.141,0,0.001,0,322.298,0.0,2.286,0.0,437483.0,81.347,32.4,4.591,2.3819999999999997,71809.25099999999,201.285,12.79,2.0,30.9,2.7,AS,Asia
China,43.6661,126.1923,5/15/20,140,1,108,2020-05-15,AS,Asia,China,2020-05-15,84.029,5,4.637,0,58.381,0.003,3.222,0.0,1439323774.0,147.674,38.7,10.640999999999998,5.928999999999999,15308.712,261.899,9.74,1.9,48.4,4.34,AS,Asia
China,37.8099,101.0583,5/15/20,139,2,137,2020-05-15,AS,Asia,China,2020-05-15,84.029,5,4.637,0,58.381,0.003,3.222,0.0,1439323774.0,147.674,38.7,10.640999999999998,5.928999999999999,15308.712,261.899,9.74,1.9,48.4,4.34,AS,Asia
United Kingdom,32.3078,-64.7505,5/15/20,122,9,66,2020-05-15,EU,Europe,United Kingdom,2020-05-15,233.151,3446,33.614000000000004,428,3434.449,50.762,495.154,6.305,67886004.0,272.89799999999997,40.8,18.517,12.527000000000001,39753.244,122.137,4.28,20.0,24.7,2.54,EU,Europe
Cambodia,11.55,104.9167,5/15/20,122,0,122,2020-05-15,AS,Asia,Cambodia,2020-05-15,0.122,0,0.0,0,7.2970000000000015,0.0,0.0,0.0,16718971.0,90.67200000000001,25.6,4.412,2.385,3645.07,270.892,4.0,2.0,33.7,0.8,AS,Asia
Canada,46.5653,-66.4619,5/15/20,120,0,0,2020-05-15,,North America,Canada,2020-05-15,73.40100000000002,1123,5.472,168,1944.8010000000002,29.755,144.984,4.4510000000000005,37742157.0,4.037,41.4,16.984,10.797,44017.59099999999,105.59899999999999,7.37,12.0,16.6,2.5,,North America
Mozambique,-18.665695,35.529562,5/15/20,119,0,0,2020-05-15,AF,Africa,Mozambique,2020-05-15,0.115,8,0.0,0,3.679,0.256,0.0,0.0,31255435.0,37.728,17.7,3.158,1.87,1136.103,329.94199999999995,3.3,5.1,29.1,0.7,AF,Africa
Guyana,5.0,-58.75,5/15/20,116,10,43,2020-05-15,SA,South America,Guyana,2020-05-15,0.113,0,0.01,0,143.664,0.0,12.714,0.0,786559.0,3.952,26.3,5.305,2.8369999999999997,7435.047,373.159,11.62,1.9,24.7,1.6,SA,South America
Trinidad and Tobago,10.6918,-61.2225,5/15/20,116,8,107,2020-05-15,,North America,Trinidad and Tobago,2020-05-15,0.116,0,0.008,0,82.887,0.0,5.716,0.0,1399491.0,266.88599999999997,36.2,10.014,5.819,28763.071,228.467,10.97,1.9,24.7,3.0,,North America
Australia,-35.4735,149.0124,5/15/20,107,3,104,2020-05-15,OC,Oceania,Australia,2020-05-15,6.989,14,0.098,0,274.08,0.5489999999999999,3.843,0.0,25499881.0,3.202,37.9,15.504000000000001,10.129,44648.71,107.791,5.07,13.0,16.5,3.84,OC,Oceania
Yemen,15.552727,48.516388,5/15/20,106,15,1,2020-05-15,AS,Asia,Yemen,2020-05-15,0.087,17,0.013,1,2.917,0.57,0.436,0.034,29825968.0,53.508,20.3,2.9219999999999997,1.5830000000000002,1479.1470000000006,495.00300000000004,5.35,7.6,29.2,0.7,AS,Asia
Netherlands,12.5186,-70.0358,5/15/20,101,3,93,2020-05-15,EU,Europe,Netherlands,2020-05-15,43.481,270,5.59,28,2537.574,15.757,326.235,1.6340000000000001,17134873.0,508.54400000000004,43.2,18.779,11.880999999999998,48472.545,109.361,5.29,24.4,27.3,3.32,EU,Europe
Mongolia,46.8625,103.8467,5/15/20,98,0,20,2020-05-15,AS,Asia,Mongolia,2020-05-15,0.061,0,0.0,0,18.607,0.0,0.0,0.0,3278292.0,1.98,28.6,4.0310000000000015,2.421,11840.846000000001,460.043,4.82,5.5,46.5,7.0,AS,Asia
Bahamas,25.0343,-77.3963,5/15/20,96,11,41,2020-05-15,,North America,Bahamas,2020-05-15,0.096,2,0.011,0,244.12099999999998,5.086,27.971999999999998,0.0,393248.0,39.497,34.3,8.996,5.2,27717.847,235.954,13.17,3.1,20.4,2.9,,North America
Monaco,43.7333,7.4167,5/15/20,96,4,87,2020-05-15,EU,Europe,Monaco,2020-05-15,0.096,0,0.004,0,2446.234,0.0,101.926,0.0,39244.0,19347.5,32.4,6.933,1.726,661.24,79.37,5.46,1.9,24.7,13.8,EU,Europe
United Kingdom,19.3133,-81.2546,5/15/20,94,1,55,2020-05-15,EU,Europe,United Kingdom,2020-05-15,233.151,3446,33.614000000000004,428,3434.449,50.762,495.154,6.305,67886004.0,272.89799999999997,40.8,18.517,12.527000000000001,39753.244,122.137,4.28,20.0,24.7,2.54,EU,Europe
Barbados,13.1939,-59.5432,5/15/20,85,7,65,2020-05-15,,North America,Barbados,2020-05-15,0.085,0,0.006999999999999999,0,295.785,0.0,24.359,0.0,287371.0,664.4630000000002,39.8,14.952,9.472999999999999,16978.068,170.05,13.57,1.9,14.5,5.8,,North America
Liechtenstein,47.14,9.55,5/15/20,82,1,55,2020-05-15,EU,Europe,Liechtenstein,2020-05-15,0.083,0,0.001,0,2176.364,0.0,26.221,0.0,38137.0,237.012,32.4,6.933,1.726,661.24,79.37,7.77,1.9,24.7,2.397,EU,Europe
Netherlands,18.0425,-63.0548,5/15/20,76,15,46,2020-05-15,EU,Europe,Netherlands,2020-05-15,43.481,270,5.59,28,2537.574,15.757,326.235,1.6340000000000001,17134873.0,508.54400000000004,43.2,18.779,11.880999999999998,48472.545,109.361,5.29,24.4,27.3,3.32,EU,Europe
China,41.1129,85.2401,5/15/20,76,3,73,2020-05-15,AS,Asia,China,2020-05-15,84.029,5,4.637,0,58.381,0.003,3.222,0.0,1439323774.0,147.674,38.7,10.640999999999998,5.928999999999999,15308.712,261.899,9.74,1.9,48.4,4.34,AS,Asia
China,37.2692,106.1655,5/15/20,75,0,75,2020-05-15,AS,Asia,China,2020-05-15,84.029,5,4.637,0,58.381,0.003,3.222,0.0,1439323774.0,147.674,38.7,10.640999999999998,5.928999999999999,15308.712,261.899,9.74,1.9,48.4,4.34,AS,Asia
Libya,26.3351,17.228331,5/15/20,64,3,28,2020-05-15,AF,Africa,Libya,2020-05-15,0.064,0,0.003,0,9.314,0.0,0.4370000000000001,0.0,6871287.0,3.623,29.0,4.4239999999999995,2.8160000000000003,17881.509,341.86199999999997,10.43,1.9,24.7,3.7,AF,Africa
Malawi,-13.254307999999998,34.301525,5/15/20,63,3,24,2020-05-15,AF,Africa,Malawi,2020-05-15,0.063,0,0.003,0,3.293,0.0,0.157,0.0,19129955.0,197.519,18.1,2.9789999999999996,1.7830000000000001,1095.042,227.34900000000002,3.94,4.4,24.7,1.3,AF,Africa
France,-17.6797,149.4068,5/15/20,60,0,59,2020-05-15,EU,Europe,France,2020-05-15,141.356,622,27.425,351,2165.595,9.529,420.155,5.3770000000000024,65273512.0,122.57799999999999,42.0,19.718,13.079,38605.671,86.06,4.77,30.1,35.6,5.98,EU,Europe
Syria,34.802075,38.99681500000001,5/15/20,50,3,0,2020-05-15,AS,Asia,Syria,2020-05-15,0.048,0,0.003,0,2.7430000000000003,0.0,0.171,0.0,17500657.0,0.13699999999999998,21.7,6.933,2.577,661.24,376.264,2.42,1.9,24.7,1.5,AS,Asia
Angola,-11.2027,17.8739,5/15/20,48,2,17,2020-05-15,AF,Africa,Angola,2020-05-15,0.048,3,0.002,0,1.46,0.091,0.061,0.0,32866268.0,23.89,16.8,2.405,1.3619999999999999,5819.495,276.045,3.94,1.9,24.7,0.7,AF,Africa
China,22.1667,113.55,5/15/20,45,0,43,2020-05-15,AS,Asia,China,2020-05-15,84.029,5,4.637,0,58.381,0.003,3.222,0.0,1439323774.0,147.674,38.7,10.640999999999998,5.928999999999999,15308.712,261.899,9.74,1.9,48.4,4.34,AS,Asia
Zimbabwe,-20.0,30.0,5/15/20,42,4,13,2020-05-15,AF,Africa,Zimbabwe,2020-05-15,0.037000000000000005,0,0.004,0,2.489,0.0,0.26899999999999996,0.0,14862927.0,42.729,19.6,2.822,1.882,1899.775,307.846,1.82,1.6,30.7,1.7,AF,Africa
France,18.0708,-63.0501,5/15/20,39,3,30,2020-05-15,EU,Europe,France,2020-05-15,141.356,622,27.425,351,2165.595,9.529,420.155,5.3770000000000024,65273512.0,122.57799999999999,42.0,19.718,13.079,38605.671,86.06,4.77,30.1,35.6,5.98,EU,Europe
Eritrea,15.1794,39.7823,5/15/20,39,0,39,2020-05-15,AF,Africa,Eritrea,2020-05-15,0.039,0,0.0,0,10.997,0.0,0.0,0.0,3546427.0,44.303999999999995,19.3,3.6069999999999998,2.171,1510.4589999999994,311.11,6.05,0.2,11.4,0.7,AF,Africa
Mauritania,21.0079,10.9408,5/15/20,29,3,7,2020-05-15,AF,Africa,Mauritania,2020-05-15,0.016,7,0.002,0,3.4410000000000003,1.505,0.43,0.0,4649660.0,4.289,20.3,3.138,1.7919999999999998,3597.633,232.347,2.42,1.9,24.7,0.7,AF,Africa
Australia,-12.4634,130.8456,5/15/20,29,0,27,2020-05-15,OC,Oceania,Australia,2020-05-15,6.989,14,0.098,0,274.08,0.5489999999999999,3.843,0.0,25499881.0,3.202,37.9,15.504000000000001,10.129,44648.71,107.791,5.07,13.0,16.5,3.84,OC,Oceania
Canada,46.5107,-63.4168,5/15/20,27,0,0,2020-05-15,,North America,Canada,2020-05-15,73.40100000000002,1123,5.472,168,1944.8010000000002,29.755,144.984,4.4510000000000005,37742157.0,4.037,41.4,16.984,10.797,44017.59099999999,105.59899999999999,7.37,12.0,16.6,2.5,,North America
Nicaragua,12.8654,-85.2072,5/15/20,25,8,7,2020-05-15,,North America,Nicaragua,2020-05-15,0.025,0,0.008,0,3.7739999999999996,0.0,1.208,0.0,6624554.0,51.667,27.3,5.445,3.5189999999999997,5321.444,137.016,11.47,1.9,24.7,0.9,,North America
Antigua and Barbuda,17.0608,-61.7964,5/15/20,25,3,19,2020-05-15,,North America,Antigua and Barbuda,2020-05-15,0.025,0,0.003,0,255.29,0.0,30.635,0.0,97928.0,231.845,32.1,6.933,4.631,21490.943,191.511,13.17,1.9,24.7,3.8,,North America
Botswana,-22.3285,24.6849,5/15/20,24,1,17,2020-05-15,AF,Africa,Botswana,2020-05-15,0.024,0,0.001,0,10.206,0.0,0.425,0.0,2351625.0,4.044,25.8,3.9410000000000003,2.242,15807.374,237.372,4.81,5.7,34.4,1.8,AF,Africa
Gambia,13.4432,-15.3101,5/15/20,23,1,10,2020-05-15,AF,Africa,Gambia,2020-05-15,0.023,0,0.001,0,9.517000000000001,0.0,0.414,0.0,2416664.0,207.56599999999997,17.5,2.339,1.4169999999999998,1561.767,331.43,1.91,0.7,31.2,1.1,AF,Africa
Grenada,12.1165,-61.679,5/15/20,22,0,14,2020-05-15,,North America,Grenada,2020-05-15,0.021,0,0.0,0,186.635,0.0,0.0,0.0,112519.0,317.132,29.4,7.3039999999999985,5.021,13593.877,243.96400000000003,10.71,1.9,24.7,3.7,,North America
Bhutan,27.5142,90.4336,5/15/20,21,0,5,2020-05-15,AS,Asia,Bhutan,2020-05-15,0.02,5,0.0,0,25.92,6.48,0.0,0.0,771612.0,21.188000000000002,28.6,4.885,2.977,8708.597,217.06599999999997,9.75,1.9,24.7,1.7,AS,Asia
Laos,19.85627,102.495496,5/15/20,19,0,14,2020-05-15,AS,Asia,Laos,2020-05-15,0.019,0,0.0,0,2.611,0.0,0.0,0.0,7275556.0,29.715,24.4,4.029,2.322,6397.36,368.111,4.0,7.3,51.2,1.5,AS,Asia
Belize,13.1939,-59.5432,5/15/20,18,2,16,2020-05-15,,North America,Belize,2020-05-15,0.018000000000000002,0,0.002,0,45.269,0.0,5.03,0.0,397621.0,16.426,25.0,3.853,2.279,7824.361999999999,176.957,17.11,1.9,24.7,1.3,,North America
China,35.7452,95.9956,5/15/20,18,0,18,2020-05-15,AS,Asia,China,2020-05-15,84.029,5,4.637,0,58.381,0.003,3.222,0.0,1439323774.0,147.674,38.7,10.640999999999998,5.928999999999999,15308.712,261.899,9.74,1.9,48.4,4.34,AS,Asia
Fiji,-17.7134,178.065,5/15/20,18,0,15,2020-05-15,OC,Oceania,Fiji,2020-05-15,0.018000000000000002,0,0.0,0,20.079,0.0,0.0,0.0,896444.0,49.562,28.6,6.224,3.284,8702.975,412.82,14.49,10.2,34.8,2.3,OC,Oceania
France,-20.9043,165.618,5/15/20,18,0,18,2020-05-15,EU,Europe,France,2020-05-15,141.356,622,27.425,351,2165.595,9.529,420.155,5.3770000000000024,65273512.0,122.57799999999999,42.0,19.718,13.079,38605.671,86.06,4.77,30.1,35.6,5.98,EU,Europe
Saint Lucia,13.9094,-60.9789,5/15/20,18,0,18,2020-05-15,,North America,Saint Lucia,2020-05-15,0.018000000000000002,0,0.0,0,98.024,0.0,0.0,0.0,183629.0,293.187,34.9,9.721,6.405,12951.839,204.62,11.62,1.9,24.7,1.3,,North America
Saint Vincent and the Grenadines,12.9843,-61.2872,5/15/20,17,0,14,2020-05-15,,North America,Saint Vincent and the Grenadines,2020-05-15,0.017,0,0.0,0,153.226,0.0,0.0,0.0,110947.0,281.7870000000001,31.8,7.724,4.832,10727.146,252.675,11.62,1.9,24.7,2.6,,North America
Netherlands,12.1696,-68.99,5/15/20,16,1,14,2020-05-15,EU,Europe,Netherlands,2020-05-15,43.481,270,5.59,28,2537.574,15.757,326.235,1.6340000000000001,17134873.0,508.54400000000004,43.2,18.779,11.880999999999998,48472.545,109.361,5.29,24.4,27.3,3.32,EU,Europe
Namibia,-22.9576,18.4904,5/15/20,16,0,13,2020-05-15,AF,Africa,Namibia,2020-05-15,0.016,0,0.0,0,6.2970000000000015,0.0,0.0,0.0,2540916.0,3.0780000000000003,22.0,3.552,2.085,9541.808,243.81099999999998,3.94,9.7,34.2,0.7,AF,Africa
Dominica,15.415,-61.371,5/15/20,16,0,15,2020-05-15,,North America,Dominica,2020-05-15,0.016,0,0.0,0,222.25,0.0,0.0,0.0,71991.0,98.56700000000001,32.4,6.933,1.726,9673.367,227.37599999999998,11.62,1.9,24.7,3.8,,North America
Burundi,-3.3731,29.9189,5/15/20,15,1,7,2020-05-15,AF,Africa,Burundi,2020-05-15,0.027000000000000003,0,0.001,0,2.271,0.0,0.084,0.0,11890781.0,423.06199999999995,17.5,2.562,1.504,702.225,293.068,6.05,1.9,24.7,0.8,AF,Africa
Saint Kitts and Nevis,17.357822,-62.782998,5/15/20,15,0,14,2020-05-15,,North America,Saint Kitts and Nevis,2020-05-15,0.015,0,0.0,0,281.997,0.0,0.0,0.0,53192.0,212.865,32.4,6.933,1.726,24654.385,79.37,12.84,1.9,24.7,2.3,,North America
Canada,37.6489,-122.6655,5/15/20,13,0,0,2020-05-15,,North America,Canada,2020-05-15,73.40100000000002,1123,5.472,168,1944.8010000000002,29.755,144.984,4.4510000000000005,37742157.0,4.037,41.4,16.984,10.797,44017.59099999999,105.59899999999999,7.37,12.0,16.6,2.5,,North America
United Kingdom,-51.7963,-59.5236,5/15/20,13,0,13,2020-05-15,EU,Europe,United Kingdom,2020-05-15,233.151,3446,33.614000000000004,428,3434.449,50.762,495.154,6.305,67886004.0,272.89799999999997,40.8,18.517,12.527000000000001,39753.244,122.137,4.28,20.0,24.7,2.54,EU,Europe
United Kingdom,21.69400000000001,-71.7979,5/15/20,12,1,10,2020-05-15,EU,Europe,United Kingdom,2020-05-15,233.151,3446,33.614000000000004,428,3434.449,50.762,495.154,6.305,67886004.0,272.89799999999997,40.8,18.517,12.527000000000001,39753.244,122.137,4.28,20.0,24.7,2.54,EU,Europe
United Kingdom,16.7425,-62.1874,5/15/20,11,1,8,2020-05-15,EU,Europe,United Kingdom,2020-05-15,233.151,3446,33.614000000000004,428,3434.449,50.762,495.154,6.305,67886004.0,272.89799999999997,40.8,18.517,12.527000000000001,39753.244,122.137,4.28,20.0,24.7,2.54,EU,Europe
Comoros,-11.6455,43.3333,5/15/20,11,1,3,2020-05-15,AF,Africa,Comoros,2020-05-15,0.017,0,0.001,0,19.549,0.0,1.15,0.0,869595.0,437.352,20.4,2.963,1.726,1413.89,261.51599999999996,11.88,4.4,23.6,2.2,AF,Africa
Canada,64.2823,-135.0,5/15/20,11,0,0,2020-05-15,,North America,Canada,2020-05-15,73.40100000000002,1123,5.472,168,1944.8010000000002,29.755,144.984,4.4510000000000005,37742157.0,4.037,41.4,16.984,10.797,44017.59099999999,105.59899999999999,7.37,12.0,16.6,2.5,,North America
Denmark,71.7069,-42.6043,5/15/20,11,0,11,2020-05-15,EU,Europe,Denmark,2020-05-15,10.713,46,0.537,4,1849.555,7.942,92.711,0.691,5792203.0,136.52,42.3,19.677,12.325,46682.515,114.76700000000001,6.41,19.3,18.8,2.5,EU,Europe
Denmark,71.7069,-42.6043,5/15/20,11,0,11,2020-05-15,EU,Europe,Denmark,2020-05-15,0.187,0,0.0,0,3826.87,0.0,0.0,0.0,48865.0,35.308,32.4,6.933,1.726,661.24,79.37,2.42,1.9,24.7,0.7,EU,Europe
Seychelles,-4.6796,55.492,5/15/20,11,0,10,2020-05-15,AF,Africa,Seychelles,2020-05-15,0.011,0,0.0,0,111.85700000000001,0.0,0.0,0.0,98340.0,208.354,36.2,8.606,5.586,26382.287,242.648,10.55,7.1,35.7,3.6,AF,Africa
Suriname,3.9193,-56.0278,5/15/20,10,1,9,2020-05-15,SA,South America,Suriname,2020-05-15,0.01,0,0.001,0,17.046,0.0,1.705,0.0,586634.0,3.612,29.6,6.933,4.229,13767.118999999999,258.314,12.54,7.4,42.9,3.1,SA,South America
United Kingdom,18.4207,-64.64,5/15/20,8,1,6,2020-05-15,EU,Europe,United Kingdom,2020-05-15,233.151,3446,33.614000000000004,428,3434.449,50.762,495.154,6.305,67886004.0,272.89799999999997,40.8,18.517,12.527000000000001,39753.244,122.137,4.28,20.0,24.7,2.54,EU,Europe
Papua New Guinea,-6.315,143.9555,5/15/20,8,0,8,2020-05-15,OC,Oceania,Papua New Guinea,2020-05-15,0.008,0,0.0,0,0.894,0.0,0.0,0.0,8947027.0,18.22,22.6,3.8080000000000003,2.142,3823.1940000000004,561.494,17.65,23.5,48.8,0.7,OC,Oceania
France,17.9,-62.8333,5/15/20,6,0,6,2020-05-15,EU,Europe,France,2020-05-15,141.356,622,27.425,351,2165.595,9.529,420.155,5.3770000000000024,65273512.0,122.57799999999999,42.0,19.718,13.079,38605.671,86.06,4.77,30.1,35.6,5.98,EU,Europe
Western Sahara,24.2155,-12.8858,5/15/20,6,0,6,2020-05-15,AS,Asia,Western Sahara,2020-05-15,0.006,0,0.0,0,10.045,0.0,0.0,0.0,597330.0,0.13699999999999998,28.4,6.933,1.38,661.24,79.37,2.42,1.9,24.7,0.7,AF,Africa
Canada,64.8255,-124.8457,5/15/20,5,0,0,2020-05-15,,North America,Canada,2020-05-15,73.40100000000002,1123,5.472,168,1944.8010000000002,29.755,144.984,4.4510000000000005,37742157.0,4.037,41.4,16.984,10.797,44017.59099999999,105.59899999999999,7.37,12.0,16.6,2.5,,North America
United Kingdom,18.2206,-63.0686,5/15/20,3,0,3,2020-05-15,EU,Europe,United Kingdom,2020-05-15,233.151,3446,33.614000000000004,428,3434.449,50.762,495.154,6.305,67886004.0,272.89799999999997,40.8,18.517,12.527000000000001,39753.244,122.137,4.28,20.0,24.7,2.54,EU,Europe
Canada,0.0,0.0,5/15/20,1,1,0,2020-05-15,,North America,Canada,2020-05-15,73.40100000000002,1123,5.472,168,1944.8010000000002,29.755,144.984,4.4510000000000005,37742157.0,4.037,41.4,16.984,10.797,44017.59099999999,105.59899999999999,7.37,12.0,16.6,2.5,,North America
China,31.6927,88.0924,5/15/20,1,0,1,2020-05-15,AS,Asia,China,2020-05-15,84.029,5,4.637,0,58.381,0.003,3.222,0.0,1439323774.0,147.674,38.7,10.640999999999998,5.928999999999999,15308.712,261.899,9.74,1.9,48.4,4.34,AS,Asia
France,46.8852,-56.3159,5/15/20,1,0,1,2020-05-15,EU,Europe,France,2020-05-15,141.356,622,27.425,351,2165.595,9.529,420.155,5.3770000000000024,65273512.0,122.57799999999999,42.0,19.718,13.079,38605.671,86.06,4.77,30.1,35.6,5.98,EU,Europe
Lesotho,-29.609988,28.233608,5/15/20,1,0,0,2020-05-15,AF,Africa,Lesotho,2020-05-15,0.001,1,0.0,0,0.467,0.467,0.0,0.0,2142252.0,73.562,22.2,4.506,2.647,2851.153,405.126,3.94,0.4,53.9,0.7,AF,Africa
